etf,top_n,when,date,rank,ticker,share_of_each_1000
QQQ,5,first purchase,2020-01-02,1,AAPL,298.0028670614061
QQQ,5,first purchase,2020-01-02,2,MSFT,274.77465403626564
QQQ,5,first purchase,2020-01-02,3,AMZN,209.24532824387708
QQQ,5,first purchase,2020-01-02,4,META,112.81112085637199
QQQ,5,first purchase,2020-01-02,5,GOOGL,105.16602980207941
QQQ,10,first purchase,2020-01-02,1,AAPL,219.92178550543392
QQQ,10,first purchase,2020-01-02,2,MSFT,202.77970183032335
QQQ,10,first purchase,2020-01-02,3,AMZN,154.4200116255315
QQQ,10,first purchase,2020-01-02,4,META,83.25296789339406
QQQ,10,first purchase,2020-01-02,5,GOOGL,77.61100178886933
QQQ,10,first purchase,2020-01-02,6,GOOG,77.42186210117842
QQQ,10,first purchase,2020-01-02,7,INTC,55.97675903296086
QQQ,10,first purchase,2020-01-02,8,CMCSA,43.89496478051822
QQQ,10,first purchase,2020-01-02,9,CSCO,43.74526712979137
QQQ,10,first purchase,2020-01-02,10,PEP,40.97567831199902
QQQ,15,first purchase,2020-01-02,1,AAPL,190.49188378810862
QQQ,15,first purchase,2020-01-02,2,MSFT,175.64375128581722
QQQ,15,first purchase,2020-01-02,3,AMZN,133.75554787136954
QQQ,15,first purchase,2020-01-02,4,META,72.1120676995036
QQQ,15,first purchase,2020-01-02,5,GOOGL,67.22510868791892
QQQ,15,first purchase,2020-01-02,6,GOOG,67.06127964604146
QQQ,15,first purchase,2020-01-02,7,INTC,48.48595718716676
QQQ,15,first purchase,2020-01-02,8,CMCSA,38.02094690453937
QQQ,15,first purchase,2020-01-02,9,CSCO,37.89128177191017
QQQ,15,first purchase,2020-01-02,10,PEP,35.49231893152022
QQQ,15,first purchase,2020-01-02,11,ADBE,29.733192664618702
QQQ,15,first purchase,2020-01-02,12,NVDA,26.818577016743188
QQQ,15,first purchase,2020-01-02,13,AMGN,26.676395498484993
QQQ,15,first purchase,2020-01-02,14,NFLX,26.40918515111248
QQQ,15,first purchase,2020-01-02,15,COST,24.182505895144914
QQQ,20,first purchase,2020-01-02,1,AAPL,171.9125522934494
QQQ,20,first purchase,2020-01-02,2,MSFT,158.51260944811764
QQQ,20,first purchase,2020-01-02,3,AMZN,120.70990721868854
QQQ,20,first purchase,2020-01-02,4,META,65.07872862010908
QQQ,20,first purchase,2020-01-02,5,GOOGL,60.668411603298516
QQQ,20,first purchase,2020-01-02,6,GOOG,60.520561373835335
QQQ,20,first purchase,2020-01-02,7,INTC,43.75695428424906
QQQ,20,first purchase,2020-01-02,8,CMCSA,34.31263260666601
QQQ,20,first purchase,2020-01-02,9,CSCO,34.195614162360265
QQQ,20,first purchase,2020-01-02,10,PEP,32.03063045519445
QQQ,20,first purchase,2020-01-02,11,ADBE,26.8332116684467
QQQ,20,first purchase,2020-01-02,12,NVDA,24.202868553471507
QQQ,20,first purchase,2020-01-02,13,AMGN,24.07455448986598
QQQ,20,first purchase,2020-01-02,14,NFLX,23.833406090771327
QQQ,20,first purchase,2020-01-02,15,COST,21.823902554872337
QQQ,20,first purchase,2020-01-02,16,PYPL,21.34713405471561
QQQ,20,first purchase,2020-01-02,17,AVGO,21.068768887420802
QQQ,20,first purchase,2020-01-02,18,TXN,20.155514459632546
QQQ,20,first purchase,2020-01-02,19,CHTR,17.510598324814517
QQQ,20,first purchase,2020-01-02,20,SBUX,17.451438850020377
QQQ,25,first purchase,2020-01-02,1,AAPL,160.40519078592584
QQQ,25,first purchase,2020-01-02,2,MSFT,147.90220388967552
QQQ,25,first purchase,2020-01-02,3,AMZN,112.62991235284531
QQQ,25,first purchase,2020-01-02,4,META,60.72253445807201
QQQ,25,first purchase,2020-01-02,5,GOOGL,56.60743213965411
QQQ,25,first purchase,2020-01-02,6,GOOG,56.46947860485752
QQQ,25,first purchase,2020-01-02,7,INTC,40.82798205563872
QQQ,25,first purchase,2020-01-02,8,CMCSA,32.015837739670175
QQQ,25,first purchase,2020-01-02,9,CSCO,31.906652193682273
QQQ,25,first purchase,2020-01-02,10,PEP,29.886586643125106
QQQ,25,first purchase,2020-01-02,11,ADBE,25.037069019423384
QQQ,25,first purchase,2020-01-02,12,NVDA,22.582793961777583
QQQ,25,first purchase,2020-01-02,13,AMGN,22.463068894709597
QQQ,25,first purchase,2020-01-02,14,NFLX,22.238062317537324
QQQ,25,first purchase,2020-01-02,15,COST,20.363069515902602
QQQ,25,first purchase,2020-01-02,16,PYPL,19.918214610265363
QQQ,25,first purchase,2020-01-02,17,AVGO,19.65848245474561
QQQ,25,first purchase,2020-01-02,18,TXN,18.80635880949013
QQQ,25,first purchase,2020-01-02,19,CHTR,16.33848621055353
QQQ,25,first purchase,2020-01-02,20,SBUX,16.283286711072243
QQQ,25,first purchase,2020-01-02,21,QCOM,15.798929749782497
QQQ,25,first purchase,2020-01-02,22,BKNG,13.480765530957505
QQQ,25,first purchase,2020-01-02,23,GILD,12.892142234185872
QQQ,25,first purchase,2020-01-02,24,MDLZ,12.436781197380078
QQQ,25,first purchase,2020-01-02,25,FISV,12.328677919069975
QQQ,50,first purchase,2020-01-02,1,AAPL,133.5872057956329
QQQ,50,first purchase,2020-01-02,2,MSFT,123.17458089623943
QQQ,50,first purchase,2020-01-02,3,AMZN,93.79942884955436
QQQ,50,first purchase,2020-01-02,4,META,50.57039405856068
QQQ,50,first purchase,2020-01-02,5,GOOGL,47.1432916213694
QQQ,50,first purchase,2020-01-02,6,GOOG,47.02840240143323
QQQ,50,first purchase,2020-01-02,7,INTC,34.001992169729505
QQQ,50,first purchase,2020-01-02,8,CMCSA,26.66314153484472
QQQ,50,first purchase,2020-01-02,9,CSCO,26.572210612158678
QQQ,50,first purchase,2020-01-02,10,PEP,24.889877820428186
QQQ,50,first purchase,2020-01-02,11,ADBE,20.851146245515633
QQQ,50,first purchase,2020-01-02,12,NVDA,18.807199004167476
QQQ,50,first purchase,2020-01-02,13,AMGN,18.707490652492922
QQQ,50,first purchase,2020-01-02,14,NFLX,18.52010270212292
QQQ,50,first purchase,2020-01-02,15,COST,16.95858809009526
QQQ,50,first purchase,2020-01-02,16,PYPL,16.58810803556966
QQQ,50,first purchase,2020-01-02,17,AVGO,16.371800241905635
QQQ,50,first purchase,2020-01-02,18,TXN,15.662142305000168
QQQ,50,first purchase,2020-01-02,19,CHTR,13.606870881823298
QQQ,50,first purchase,2020-01-02,20,SBUX,13.56090013199349
QQQ,50,first purchase,2020-01-02,21,QCOM,13.157522331379083
QQQ,50,first purchase,2020-01-02,22,BKNG,11.226929692506587
QQQ,50,first purchase,2020-01-02,23,GILD,10.736717741779394
QQQ,50,first purchase,2020-01-02,24,MDLZ,10.357488065750571
QQQ,50,first purchase,2020-01-02,25,FISV,10.267458467481102
QQQ,50,first purchase,2020-01-02,26,TSLA,9.847699291789345
QQQ,50,first purchase,2020-01-02,27,ADP,9.635175228396857
QQQ,50,first purchase,2020-01-02,28,ISRG,8.922983417655058
QQQ,50,first purchase,2020-01-02,29,INTU,8.9047322828734
QQQ,50,first purchase,2020-01-02,30,TMUS,8.762646120318095
QQQ,50,first purchase,2020-01-02,31,MU,7.775693524927464
QQQ,50,first purchase,2020-01-02,32,CSX,7.393388293295011
QQQ,50,first purchase,2020-01-02,33,AMAT,7.364130501794402
QQQ,50,first purchase,2020-01-02,34,VRTX,7.353293478243434
QQQ,50,first purchase,2020-01-02,35,BIIB,6.992738479446205
QQQ,50,first purchase,2020-01-02,36,WBA,6.872850282814962
QQQ,50,first purchase,2020-01-02,37,AMD,6.669983188826863
QQQ,50,first purchase,2020-01-02,38,MAR,6.465882744276386
QQQ,50,first purchase,2020-01-02,39,ILMN,6.368949658508019
QQQ,50,first purchase,2020-01-02,40,ATVI,5.962004861333045
QQQ,50,first purchase,2020-01-02,41,EXC,5.788094101622266
QQQ,50,first purchase,2020-01-02,42,ADI,5.716344188349864
QQQ,50,first purchase,2020-01-02,43,LRCX,5.540285336386594
QQQ,50,first purchase,2020-01-02,44,ROST,5.500016481714844
QQQ,50,first purchase,2020-01-02,45,REGN,5.293573095058671
QQQ,50,first purchase,2020-01-02,46,ADSK,5.2613721426626805
QQQ,50,first purchase,2020-01-02,47,KHC,5.124303451406839
QQQ,50,first purchase,2020-01-02,48,NXPI,4.645867497099202
QQQ,50,first purchase,2020-01-02,49,BIDU,4.564356987361767
QQQ,50,first purchase,2020-01-02,50,MNST,4.462645014304334
QQQ,75,first purchase,2020-01-02,1,AAPL,122.64253918707207
QQQ,75,first purchase,2020-01-02,2,MSFT,113.08301026618275
QQQ,75,first purchase,2020-01-02,3,AMZN,86.11453514497059
QQQ,75,first purchase,2020-01-02,4,META,46.42721208287641
QQQ,75,first purchase,2020-01-02,5,GOOGL,43.28088873216311
QQQ,75,first purchase,2020-01-02,6,GOOG,43.17541227149255
QQQ,75,first purchase,2020-01-02,7,INTC,31.216242845098066
QQQ,75,first purchase,2020-01-02,8,CMCSA,24.478656927223064
QQQ,75,first purchase,2020-01-02,9,CSCO,24.395175884391012
QQQ,75,first purchase,2020-01-02,10,PEP,22.850674941305577
QQQ,75,first purchase,2020-01-02,11,ADBE,19.142832618440924
QQQ,75,first purchase,2020-01-02,12,NVDA,17.266343937130813
QQQ,75,first purchase,2020-01-02,13,AMGN,17.17480459131777
QQQ,75,first purchase,2020-01-02,14,NFLX,17.002769148929698
QQQ,75,first purchase,2020-01-02,15,COST,15.569187872517908
QQQ,75,first purchase,2020-01-02,16,PYPL,15.229060879558004
QQQ,75,first purchase,2020-01-02,17,AVGO,15.030474967809136
QQQ,75,first purchase,2020-01-02,18,TXN,14.378958598273762
QQQ,75,first purchase,2020-01-02,19,CHTR,12.492073514064007
QQQ,75,first purchase,2020-01-02,20,SBUX,12.449869101943234
QQQ,75,first purchase,2020-01-02,21,QCOM,12.07953964243848
QQQ,75,first purchase,2020-01-02,22,BKNG,10.307118534017231
QQQ,75,first purchase,2020-01-02,23,GILD,9.857069159760494
QQQ,75,first purchase,2020-01-02,24,MDLZ,9.508909393065336
QQQ,75,first purchase,2020-01-02,25,FISV,9.426255830038864
QQQ,75,first purchase,2020-01-02,26,TSLA,9.040887105187576
QQQ,75,first purchase,2020-01-02,27,ADP,8.845774926460795
QQQ,75,first purchase,2020-01-02,28,ISRG,8.191932280846686
QQQ,75,first purchase,2020-01-02,29,INTU,8.175176443344611
QQQ,75,first purchase,2020-01-02,30,TMUS,8.044731258453265
QQQ,75,first purchase,2020-01-02,31,MU,7.13863870538981
QQQ,75,first purchase,2020-01-02,32,CSX,6.787655360295856
QQQ,75,first purchase,2020-01-02,33,AMAT,6.760794630488166
QQQ,75,first purchase,2020-01-02,34,VRTX,6.750845473474178
QQQ,75,first purchase,2020-01-02,35,BIIB,6.419830386320303
QQQ,75,first purchase,2020-01-02,36,WBA,6.309764510132218
QQQ,75,first purchase,2020-01-02,37,AMD,6.123518114932773
QQQ,75,first purchase,2020-01-02,38,MAR,5.9361394163531
QQQ,75,first purchase,2020-01-02,39,ILMN,5.847147961676986
QQQ,75,first purchase,2020-01-02,40,ATVI,5.4735437460842205
QQQ,75,first purchase,2020-01-02,41,EXC,5.3138813215589815
QQQ,75,first purchase,2020-01-02,42,ADI,5.248009807159305
QQQ,75,first purchase,2020-01-02,43,LRCX,5.086375281438563
QQQ,75,first purchase,2020-01-02,44,ROST,5.049405613889307
QQQ,75,first purchase,2020-01-02,45,REGN,4.859875928115168
QQQ,75,first purchase,2020-01-02,46,ADSK,4.830313167650457
QQQ,75,first purchase,2020-01-02,47,KHC,4.7044743776365205
QQQ,75,first purchase,2020-01-02,48,NXPI,4.265236204151221
QQQ,75,first purchase,2020-01-02,49,BIDU,4.190403769225343
QQQ,75,first purchase,2020-01-02,50,MNST,4.097024956732071
QQQ,75,first purchase,2020-01-02,51,XEL,4.082115370147073
QQQ,75,first purchase,2020-01-02,52,CTSH,4.0718875657600195
QQQ,75,first purchase,2020-01-02,53,ORLY,3.9757776686233157
QQQ,75,first purchase,2020-01-02,54,JD,3.915448420578643
QQQ,75,first purchase,2020-01-02,55,SIRI,3.7924607129105494
QQQ,75,first purchase,2020-01-02,56,EA,3.763809997608896
QQQ,75,first purchase,2020-01-02,57,PAYX,3.650620252495747
QQQ,75,first purchase,2020-01-02,58,EBAY,3.5222931390984242
QQQ,75,first purchase,2020-01-02,59,LULU,3.420603854524054
QQQ,75,first purchase,2020-01-02,60,MELI,3.4089431982942737
QQQ,75,first purchase,2020-01-02,61,KLAC,3.3709733844526677
QQQ,75,first purchase,2020-01-02,62,CTAS,3.3392215472548394
QQQ,75,first purchase,2020-01-02,63,PCAR,3.28035780747391
QQQ,75,first purchase,2020-01-02,64,WDAY,3.2337270032218024
QQQ,75,first purchase,2020-01-02,65,WTW,3.113139419214989
QQQ,75,first purchase,2020-01-02,66,MCHP,3.000645640147693
QQQ,75,first purchase,2020-01-02,67,XLNX,2.947917570361325
QQQ,75,first purchase,2020-01-02,68,VRSK,2.934267607294973
QQQ,75,first purchase,2020-01-02,69,ALXN,2.869565206212301
QQQ,75,first purchase,2020-01-02,70,CERN,2.7639328685057616
QQQ,75,first purchase,2020-01-02,71,SPLK,2.7179026375325677
QQQ,75,first purchase,2020-01-02,72,VRSN,2.7124481419860293
QQQ,75,first purchase,2020-01-02,73,IDXX,2.685890719082036
QQQ,75,first purchase,2020-01-02,74,NTES,2.682356617337625
QQQ,75,first purchase,2020-01-02,75,UAL,2.672696830802117
QQQ,5,last purchase,2025-12-31,1,NVDA,272.6992736757006
QQQ,5,last purchase,2025-12-31,2,AAPL,241.45780706300243
QQQ,5,last purchase,2025-12-31,3,MSFT,216.8046859419477
QQQ,5,last purchase,2025-12-31,4,AMZN,148.74737832440496
QQQ,5,last purchase,2025-12-31,5,TSLA,120.29085499494413
QQQ,10,last purchase,2025-12-31,1,NVDA,182.38644637454652
QQQ,10,last purchase,2025-12-31,2,AAPL,161.49156096390453
QQQ,10,last purchase,2025-12-31,3,MSFT,145.0030859756739
QQQ,10,last purchase,2025-12-31,4,AMZN,99.4850678347659
QQQ,10,last purchase,2025-12-31,5,TSLA,80.45280531247224
QQQ,10,last purchase,2025-12-31,6,META,78.27336747864891
QQQ,10,last purchase,2025-12-31,7,GOOGL,73.07819693762025
QQQ,10,last purchase,2025-12-31,8,GOOG,68.067266397053
QQQ,10,last purchase,2025-12-31,9,AVGO,66.1202234603024
QQQ,10,last purchase,2025-12-31,10,PLTR,45.64197926501218
QQQ,15,last purchase,2025-12-31,1,NVDA,152.59863907502347
QQQ,15,last purchase,2025-12-31,2,AAPL,135.1163582330326
QQQ,15,last purchase,2025-12-31,3,MSFT,121.3208219218558
QQQ,15,last purchase,2025-12-31,4,AMZN,83.23691952797617
QQQ,15,last purchase,2025-12-31,5,TSLA,67.31305337919251
QQQ,15,last purchase,2025-12-31,6,META,65.48956674407776
QQQ,15,last purchase,2025-12-31,7,GOOGL,61.14288435576261
QQQ,15,last purchase,2025-12-31,8,GOOG,56.950351433553394
QQQ,15,last purchase,2025-12-31,9,AVGO,55.321304383869524
QQQ,15,last purchase,2025-12-31,10,PLTR,38.18761787939143
QQQ,15,last purchase,2025-12-31,11,NFLX,36.73415881982643
QQQ,15,last purchase,2025-12-31,12,COST,35.46415175410985
QQQ,15,last purchase,2025-12-31,13,AMD,32.408459353506785
QQQ,15,last purchase,2025-12-31,14,MU,30.44202116363554
QQQ,15,last purchase,2025-12-31,15,CSCO,28.273691975185848
QQQ,20,last purchase,2025-12-31,1,NVDA,138.86671664442557
QQQ,20,last purchase,2025-12-31,2,AAPL,122.9576170961035
QQQ,20,last purchase,2025-12-31,3,MSFT,110.40350230520934
QQQ,20,last purchase,2025-12-31,4,AMZN,75.74666319772054
QQQ,20,last purchase,2025-12-31,5,TSLA,61.25574098654838
QQQ,20,last purchase,2025-12-31,6,META,59.59634478617413
QQQ,20,last purchase,2025-12-31,7,GOOGL,55.640808123329336
QQQ,20,last purchase,2025-12-31,8,GOOG,51.82554944959622
QQQ,20,last purchase,2025-12-31,9,AVGO,50.343095763114334
QQQ,20,last purchase,2025-12-31,10,PLTR,34.75122152810217
QQQ,20,last purchase,2025-12-31,11,NFLX,33.42855516225303
QQQ,20,last purchase,2025-12-31,12,COST,32.27283246118375
QQQ,20,last purchase,2025-12-31,13,AMD,29.4921132272563
QQQ,20,last purchase,2025-12-31,14,MU,27.70262928056544
QQQ,20,last purchase,2025-12-31,15,CSCO,25.729421938550786
QQQ,20,last purchase,2025-12-31,16,TMUS,19.17603155080695
QQQ,20,last purchase,2025-12-31,17,LRCX,18.361839106316868
QQQ,20,last purchase,2025-12-31,18,APP,17.950604858763025
QQQ,20,last purchase,2025-12-31,19,AMAT,17.422145270626945
QQQ,20,last purchase,2025-12-31,20,ISRG,17.076567263353493
QQQ,25,last purchase,2025-12-31,1,NVDA,128.39298050609094
QQQ,25,last purchase,2025-12-31,2,AAPL,113.6837920300115
QQQ,25,last purchase,2025-12-31,3,MSFT,102.07654549486267
QQQ,25,last purchase,2025-12-31,4,AMZN,70.03362710914047
QQQ,25,last purchase,2025-12-31,5,TSLA,56.635652864971625
QQQ,25,last purchase,2025-12-31,6,META,55.101413205859714
QQQ,25,last purchase,2025-12-31,7,GOOGL,51.444214750277546
QQQ,25,last purchase,2025-12-31,8,GOOG,47.91671410534908
QQQ,25,last purchase,2025-12-31,9,AVGO,46.546071435392264
QQQ,25,last purchase,2025-12-31,10,PLTR,32.13018220662005
QQQ,25,last purchase,2025-12-31,11,NFLX,30.90727522768308
QQQ,25,last purchase,2025-12-31,12,COST,29.83872053139263
QQQ,25,last purchase,2025-12-31,13,AMD,27.267731319422303
QQQ,25,last purchase,2025-12-31,14,MU,25.61321551437345
QQQ,25,last purchase,2025-12-31,15,CSCO,23.788833272756357
QQQ,25,last purchase,2025-12-31,16,TMUS,17.729718859783922
QQQ,25,last purchase,2025-12-31,17,LRCX,16.976935203774453
QQQ,25,last purchase,2025-12-31,18,APP,16.596717452498506
QQQ,25,last purchase,2025-12-31,19,AMAT,16.10811584055468
QQQ,25,last purchase,2025-12-31,20,ISRG,15.788602342840145
QQQ,25,last purchase,2025-12-31,21,SHOP,15.57035856196566
QQQ,25,last purchase,2025-12-31,22,LIN,15.557379633524457
QQQ,25,last purchase,2025-12-31,23,PEP,15.331333364639764
QQQ,25,last purchase,2025-12-31,24,INTU,14.498757191949082
QQQ,25,last purchase,2025-12-31,25,QCOM,14.465111974265575
QQQ,50,last purchase,2025-12-31,1,NVDA,104.23055795213214
QQQ,50,last purchase,2025-12-31,2,AAPL,92.28950855954405
QQQ,50,last purchase,2025-12-31,3,MSFT,82.86664308919133
QQQ,50,last purchase,2025-12-31,4,AMZN,56.853918339024645
QQQ,50,last purchase,2025-12-31,5,TSLA,45.97732426516275
QQQ,50,last purchase,2025-12-31,6,META,44.73181493068682
QQQ,50,last purchase,2025-12-31,7,GOOGL,41.76286885540725
QQQ,50,last purchase,2025-12-31,8,GOOG,38.89921261074239
QQQ,50,last purchase,2025-12-31,9,AVGO,37.78651276002258
QQQ,50,last purchase,2025-12-31,10,PLTR,26.08356629232392
QQQ,50,last purchase,2025-12-31,11,NFLX,25.090799583149273
QQQ,50,last purchase,2025-12-31,12,COST,24.223337423164285
QQQ,50,last purchase,2025-12-31,13,AMD,22.13618562564162
QQQ,50,last purchase,2025-12-31,14,MU,20.793035051357055
QQQ,50,last purchase,2025-12-31,15,CSCO,19.31198540041691
QQQ,50,last purchase,2025-12-31,16,TMUS,14.393142692111976
QQQ,50,last purchase,2025-12-31,17,LRCX,13.782026257445281
QQQ,50,last purchase,2025-12-31,18,APP,13.47336212173798
QQQ,50,last purchase,2025-12-31,19,AMAT,13.07671100865941
QQQ,50,last purchase,2025-12-31,20,ISRG,12.817327123272907
QQQ,50,last purchase,2025-12-31,21,SHOP,12.640154890332562
QQQ,50,last purchase,2025-12-31,22,LIN,12.629618481350427
QQQ,50,last purchase,2025-12-31,23,PEP,12.446112119585333
QQQ,50,last purchase,2025-12-31,24,INTU,11.770219413651276
QQQ,50,last purchase,2025-12-31,25,QCOM,11.742905928149579
QQQ,50,last purchase,2025-12-31,26,INTC,11.234133223136261
QQQ,50,last purchase,2025-12-31,27,AMGN,11.175547414640294
QQQ,50,last purchase,2025-12-31,28,BKNG,11.046160842639637
QQQ,50,last purchase,2025-12-31,29,KLAC,10.317456786695518
QQQ,50,last purchase,2025-12-31,30,TXN,10.064138392935167
QQQ,50,last purchase,2025-12-31,31,GILD,9.64968382362929
QQQ,50,last purchase,2025-12-31,32,ADBE,9.317125549956817
QQQ,50,last purchase,2025-12-31,33,ADI,8.496712251244192
QQQ,50,last purchase,2025-12-31,34,PANW,8.223124428384445
QQQ,50,last purchase,2025-12-31,35,HON,7.8715514215436775
QQQ,50,last purchase,2025-12-31,36,CRWD,7.536695671945343
QQQ,50,last purchase,2025-12-31,37,VRTX,7.2689057271928315
QQQ,50,last purchase,2025-12-31,38,CEG,7.041776496751018
QQQ,50,last purchase,2025-12-31,39,CMCSA,6.877611390611884
QQQ,50,last purchase,2025-12-31,40,ADP,6.627687691295186
QQQ,50,last purchase,2025-12-31,41,MELI,6.469081569959895
QQQ,50,last purchase,2025-12-31,42,SBUX,6.1207508242522515
QQQ,50,last purchase,2025-12-31,43,ASML,5.939038543858947
QQQ,50,last purchase,2025-12-31,44,DASH,5.8530410473667756
QQQ,50,last purchase,2025-12-31,45,SNPS,5.564936489054038
QQQ,50,last purchase,2025-12-31,46,CDNS,5.424284518162325
QQQ,50,last purchase,2025-12-31,47,MAR,5.319386759864034
QQQ,50,last purchase,2025-12-31,48,REGN,5.047191444108417
QQQ,50,last purchase,2025-12-31,49,ORLY,4.875131342130686
QQQ,50,last purchase,2025-12-31,50,CTAS,4.8299955743772305
QQQ,75,last purchase,2025-12-31,1,NVDA,95.26840930966131
QQQ,75,last purchase,2025-12-31,2,AAPL,84.35409777309245
QQQ,75,last purchase,2025-12-31,3,MSFT,75.74144691391056
QQQ,75,last purchase,2025-12-31,4,AMZN,51.96539738056215
QQQ,75,last purchase,2025-12-31,5,TSLA,42.02401515559523
QQQ,75,last purchase,2025-12-31,6,META,40.88559955649279
QQQ,75,last purchase,2025-12-31,7,GOOGL,38.171935008635884
QQQ,75,last purchase,2025-12-31,8,GOOG,35.55450706236901
QQQ,75,last purchase,2025-12-31,9,AVGO,34.537481471218896
QQQ,75,last purchase,2025-12-31,10,PLTR,23.84079984426456
QQQ,75,last purchase,2025-12-31,11,NFLX,22.933395076824944
QQQ,75,last purchase,2025-12-31,12,COST,22.14052068622592
QQQ,75,last purchase,2025-12-31,13,AMD,20.232830315527707
QQQ,75,last purchase,2025-12-31,14,MU,19.005169050064524
QQQ,75,last purchase,2025-12-31,15,CSCO,17.65146580673644
QQQ,75,last purchase,2025-12-31,16,TMUS,13.155564319958959
QQQ,75,last purchase,2025-12-31,17,LRCX,12.596994052490707
QQQ,75,last purchase,2025-12-31,18,APP,12.314870059320866
QQQ,75,last purchase,2025-12-31,19,AMAT,11.95232455120552
QQQ,75,last purchase,2025-12-31,20,ISRG,11.715243500822192
QQQ,75,last purchase,2025-12-31,21,SHOP,11.55330522535197
QQQ,75,last purchase,2025-12-31,22,LIN,11.543674777781833
QQQ,75,last purchase,2025-12-31,23,PEP,11.375947006511604
QQQ,75,last purchase,2025-12-31,24,INTU,10.75817018344296
QQQ,75,last purchase,2025-12-31,25,QCOM,10.733205217625121
QQQ,75,last purchase,2025-12-31,26,INTC,10.268178768001277
QQQ,75,last purchase,2025-12-31,27,AMGN,10.214630395113408
QQQ,75,last purchase,2025-12-31,28,BKNG,10.096368983654848
QQQ,75,last purchase,2025-12-31,29,KLAC,9.430321735791349
QQQ,75,last purchase,2025-12-31,30,TXN,9.198784642480286
QQQ,75,last purchase,2025-12-31,31,GILD,8.819966488527538
QQQ,75,last purchase,2025-12-31,32,ADBE,8.516002868280069
QQQ,75,last purchase,2025-12-31,33,ADI,7.76613189492561
QQQ,75,last purchase,2025-12-31,34,PANW,7.516068216840805
QQQ,75,last purchase,2025-12-31,35,HON,7.194724824116029
QQQ,75,last purchase,2025-12-31,36,CRWD,6.8886612738558615
QQQ,75,last purchase,2025-12-31,37,VRTX,6.6438969497752955
QQQ,75,last purchase,2025-12-31,38,CEG,6.436297173691813
QQQ,75,last purchase,2025-12-31,39,CMCSA,6.286247621686061
QQQ,75,last purchase,2025-12-31,40,ADP,6.057813333791119
QQQ,75,last purchase,2025-12-31,41,MELI,5.912844783461304
QQQ,75,last purchase,2025-12-31,42,SBUX,5.594464869650849
QQQ,75,last purchase,2025-12-31,43,ASML,5.428376917660307
QQQ,75,last purchase,2025-12-31,44,DASH,5.349773820292403
QQQ,75,last purchase,2025-12-31,45,SNPS,5.086441612112895
QQQ,75,last purchase,2025-12-31,46,CDNS,4.957883444562108
QQQ,75,last purchase,2025-12-31,47,MAR,4.862005203386262
QQQ,75,last purchase,2025-12-31,48,REGN,4.613214299230423
QQQ,75,last purchase,2025-12-31,49,ORLY,4.455948593825636
QQQ,75,last purchase,2025-12-31,50,CTAS,4.414693774880727
QQQ,75,last purchase,2025-12-31,51,PDD,4.387841649305796
QQQ,75,last purchase,2025-12-31,52,MNST,4.364826923505045
QQQ,75,last purchase,2025-12-31,53,MRVL,4.316615178856559
QQQ,75,last purchase,2025-12-31,54,WBD,4.138677264593424
QQQ,75,last purchase,2025-12-31,55,MDLZ,4.081664033682048
QQQ,75,last purchase,2025-12-31,56,CSX,3.913971235204435
QQQ,75,last purchase,2025-12-31,57,ADSK,3.6648823536295025
QQQ,75,last purchase,2025-12-31,58,AEP,3.575242268774325
QQQ,75,last purchase,2025-12-31,59,WDC,3.473988043622244
QQQ,75,last purchase,2025-12-31,60,STX,3.451915114217295
QQQ,75,last purchase,2025-12-31,61,FTNT,3.446689524637385
QQQ,75,last purchase,2025-12-31,62,TRI,3.409858272508488
QQQ,75,last purchase,2025-12-31,63,ROST,3.4057031977435193
QQQ,75,last purchase,2025-12-31,64,PCAR,3.3632689589946754
QQQ,75,last purchase,2025-12-31,65,ABNB,3.3604019288545746
QQQ,75,last purchase,2025-12-31,66,NXPI,3.1951487588254692
QQQ,75,last purchase,2025-12-31,67,PYPL,3.191299919314045
QQQ,75,last purchase,2025-12-31,68,IDXX,3.1443941952559946
QQQ,75,last purchase,2025-12-31,69,AZN,3.1164550898338237
QQQ,75,last purchase,2025-12-31,70,ALNY,3.028890167954286
QQQ,75,last purchase,2025-12-31,71,EA,2.9488939424880214
QQQ,75,last purchase,2025-12-31,72,ROP,2.79588963038851
QQQ,75,last purchase,2025-12-31,73,TTWO,2.750365060893279
QQQ,75,last purchase,2025-12-31,74,FER,2.749141763591506
QQQ,75,last purchase,2025-12-31,75,FAST,2.707863728037533
VGT,5,first purchase,2020-01-02,1,AAPL,401.43194201985443
VGT,5,first purchase,2020-01-02,2,MSFT,345.9714123931724
VGT,5,first purchase,2020-01-02,3,V,90.8674910200249
VGT,5,first purchase,2020-01-02,4,MA,81.53283599076153
VGT,5,first purchase,2020-01-02,5,INTC,80.1963185761869
VGT,10,first purchase,2020-01-02,1,AAPL,325.50889131224335
VGT,10,first purchase,2020-01-02,2,MSFT,280.53764308636545
VGT,10,first purchase,2020-01-02,3,V,73.6816709438399
VGT,10,first purchase,2020-01-02,4,MA,66.11248451071971
VGT,10,first purchase,2020-01-02,5,INTC,65.02874339224095
VGT,10,first purchase,2020-01-02,6,CSCO,50.34829620601146
VGT,10,first purchase,2020-01-02,7,ADBE,39.2656431598792
VGT,10,first purchase,2020-01-02,8,NVDA,33.38470661995587
VGT,10,first purchase,2020-01-02,9,CRM,33.22967045826046
VGT,10,first purchase,2020-01-02,10,ACN,32.902250310483765
VGT,15,first purchase,2020-01-02,1,AAPL,283.21291770541035
VGT,15,first purchase,2020-01-02,2,MSFT,244.08514343307024
VGT,15,first purchase,2020-01-02,3,V,64.10762214601897
VGT,15,first purchase,2020-01-02,4,MA,57.52196064307757
VGT,15,first purchase,2020-01-02,5,INTC,56.57903867567954
VGT,15,first purchase,2020-01-02,6,CSCO,43.806139403800714
VGT,15,first purchase,2020-01-02,7,ADBE,34.16354410491827
VGT,15,first purchase,2020-01-02,8,NVDA,29.04676468424689
VGT,15,first purchase,2020-01-02,9,CRM,28.911873610990504
VGT,15,first purchase,2020-01-02,10,ACN,28.626997781658936
VGT,15,first purchase,2020-01-02,11,AVGO,26.840227814639942
VGT,15,first purchase,2020-01-02,12,ORCL,26.403901211368048
VGT,15,first purchase,2020-01-02,13,PYPL,25.79965210564477
VGT,15,first purchase,2020-01-02,14,TXN,25.55775924122307
VGT,15,first purchase,2020-01-02,15,IBM,25.336457438252268
VGT,20,first purchase,2020-01-02,1,AAPL,260.8655841050642
VGT,20,first purchase,2020-01-02,2,MSFT,224.82524465662772
VGT,20,first purchase,2020-01-02,3,V,59.04911552835048
VGT,20,first purchase,2020-01-02,4,MA,52.983105373863
VGT,20,first purchase,2020-01-02,5,INTC,52.114586057075904
VGT,20,first purchase,2020-01-02,6,CSCO,40.34955126886869
VGT,20,first purchase,2020-01-02,7,ADBE,31.467819194951847
VGT,20,first purchase,2020-01-02,8,NVDA,26.754786812373087
VGT,20,first purchase,2020-01-02,9,CRM,26.630539518497216
VGT,20,first purchase,2020-01-02,10,ACN,26.368142237264113
VGT,20,first purchase,2020-01-02,11,AVGO,24.72235999369913
VGT,20,first purchase,2020-01-02,12,ORCL,24.320462385548726
VGT,20,first purchase,2020-01-02,13,PYPL,23.763892448038227
VGT,20,first purchase,2020-01-02,14,TXN,23.541086497379403
VGT,20,first purchase,2020-01-02,15,IBM,23.337246840052998
VGT,20,first purchase,2020-01-02,16,QCOM,21.079825664118182
VGT,20,first purchase,2020-01-02,17,FIS,16.769117991140487
VGT,20,first purchase,2020-01-02,18,ADP,14.541604177810386
VGT,20,first purchase,2020-01-02,19,INTU,13.387469949237994
VGT,20,first purchase,2020-01-02,20,FISV,13.128459300038088
VGT,25,first purchase,2020-01-02,1,AAPL,247.68617821359817
VGT,25,first purchase,2020-01-02,2,MSFT,213.46666255717963
VGT,25,first purchase,2020-01-02,3,V,56.06584633341227
VGT,25,first purchase,2020-01-02,4,MA,50.30630209408954
VGT,25,first purchase,2020-01-02,5,INTC,49.481661959908244
VGT,25,first purchase,2020-01-02,6,CSCO,38.311018223065446
VGT,25,first purchase,2020-01-02,7,ADBE,29.878007479802395
VGT,25,first purchase,2020-01-02,8,NVDA,25.403086103559417
VGT,25,first purchase,2020-01-02,9,CRM,25.285116009960937
VGT,25,first purchase,2020-01-02,10,ACN,25.03597551875651
VGT,25,first purchase,2020-01-02,11,AVGO,23.473341200861068
VGT,25,first purchase,2020-01-02,12,ORCL,23.09174819411217
VGT,25,first purchase,2020-01-02,13,PYPL,22.56329718665756
VGT,25,first purchase,2020-01-02,14,TXN,22.35174779967631
VGT,25,first purchase,2020-01-02,15,IBM,22.158206494238286
VGT,25,first purchase,2020-01-02,16,QCOM,20.014834360256252
VGT,25,first purchase,2020-01-02,17,FIS,15.921911514267267
VGT,25,first purchase,2020-01-02,18,ADP,13.806935768292579
VGT,25,first purchase,2020-01-02,19,INTU,12.711110509467087
VGT,25,first purchase,2020-01-02,20,FISV,12.465185551458406
VGT,25,first purchase,2020-01-02,21,MU,11.077734467380804
VGT,25,first purchase,2020-01-02,22,AMAT,10.523424464695658
VGT,25,first purchase,2020-01-02,23,GPN,10.221188442362772
VGT,25,first purchase,2020-01-02,24,NOW,9.87448170458095
VGT,25,first purchase,2020-01-02,25,AMD,8.824997848360304
VGT,50,first purchase,2020-01-02,1,AAPL,220.04425702498614
VGT,50,first purchase,2020-01-02,2,MSFT,189.64365916894434
VGT,50,first purchase,2020-01-02,3,V,49.80886535490754
VGT,50,first purchase,2020-01-02,4,MA,44.69208959420533
VGT,50,first purchase,2020-01-02,5,INTC,43.95947977742975
VGT,50,first purchase,2020-01-02,6,CSCO,34.03548636248577
VGT,50,first purchase,2020-01-02,7,ADBE,26.543604510746782
VGT,50,first purchase,2020-01-02,8,NVDA,22.56808695630557
VGT,50,first purchase,2020-01-02,9,CRM,22.463282393595335
VGT,50,first purchase,2020-01-02,10,ACN,22.241946125753046
VGT,50,first purchase,2020-01-02,11,AVGO,20.85370270432756
VGT,50,first purchase,2020-01-02,12,ORCL,20.514695698520473
VGT,50,first purchase,2020-01-02,13,PYPL,20.045220130088975
VGT,50,first purchase,2020-01-02,14,TXN,19.857279777429337
VGT,50,first purchase,2020-01-02,15,IBM,19.68533779396497
VGT,50,first purchase,2020-01-02,16,QCOM,17.78116723365454
VGT,50,first purchase,2020-01-02,17,FIS,14.145016951867063
VGT,50,first purchase,2020-01-02,18,ADP,12.266073726187642
VGT,50,first purchase,2020-01-02,19,INTU,11.292543202011505
VGT,50,first purchase,2020-01-02,20,FISV,11.074063611994761
VGT,50,first purchase,2020-01-02,21,MU,9.841452873857067
VGT,50,first purchase,2020-01-02,22,AMAT,9.34900418906536
VGT,50,first purchase,2020-01-02,23,GPN,9.080497882172956
VGT,50,first purchase,2020-01-02,24,NOW,8.772483817476271
VGT,50,first purchase,2020-01-02,25,AMD,7.8401229684884095
VGT,50,first purchase,2020-01-02,26,ADI,7.278859068565061
VGT,50,first purchase,2020-01-02,27,LRCX,7.008994297686807
VGT,50,first purchase,2020-01-02,28,ADSK,6.679662394727946
VGT,50,first purchase,2020-01-02,29,CTSH,5.680444064885095
VGT,50,first purchase,2020-01-02,30,APH,5.337790774296115
VGT,50,first purchase,2020-01-02,31,TEL,5.3376847370666765
VGT,50,first purchase,2020-01-02,32,HPQ,5.049421865681349
VGT,50,first purchase,2020-01-02,33,KLAC,4.704708288391404
VGT,50,first purchase,2020-01-02,34,PAYX,4.560365451487431
VGT,50,first purchase,2020-01-02,35,WDAY,4.4703046602877645
VGT,50,first purchase,2020-01-02,36,MSI,4.422558063043932
VGT,50,first purchase,2020-01-02,37,MCHP,4.132485907522085
VGT,50,first purchase,2020-01-02,38,CPAY,4.129141389435321
VGT,50,first purchase,2020-01-02,39,XLNX,4.095378428291589
VGT,50,first purchase,2020-01-02,40,GLW,3.768604604365327
VGT,50,first purchase,2020-01-02,41,SPLK,3.728480236036155
VGT,50,first purchase,2020-01-02,42,PANW,3.679367311698931
VGT,50,first purchase,2020-01-02,43,ANSS,3.5889193358302243
VGT,50,first purchase,2020-01-02,44,XYZ,3.552729020968357
VGT,50,first purchase,2020-01-02,45,SNPS,3.4679802833050615
VGT,50,first purchase,2020-01-02,46,SWKS,3.440943772437334
VGT,50,first purchase,2020-01-02,47,HPE,3.433735425210122
VGT,50,first purchase,2020-01-02,48,CDW,3.4272868573217234
VGT,50,first purchase,2020-01-02,49,VRSN,3.4034157864649712
VGT,50,first purchase,2020-01-02,50,CDNS,3.2213181445267924
VGT,75,first purchase,2020-01-02,1,AAPL,207.92991149203849
VGT,75,first purchase,2020-01-02,2,MSFT,179.2029921578336
VGT,75,first purchase,2020-01-02,3,V,47.06668151574968
VGT,75,first purchase,2020-01-02,4,MA,42.23160540228124
VGT,75,first purchase,2020-01-02,5,INTC,41.539328782932586
VGT,75,first purchase,2020-01-02,6,CSCO,32.1616922096565
VGT,75,first purchase,2020-01-02,7,ADBE,25.08226940897868
VGT,75,first purchase,2020-01-02,8,NVDA,21.32562052204071
VGT,75,first purchase,2020-01-02,9,CRM,21.226585883541482
VGT,75,first purchase,2020-01-02,10,ACN,21.01743509176599
VGT,75,first purchase,2020-01-02,11,AVGO,19.705620206664815
VGT,75,first purchase,2020-01-02,12,ORCL,19.385276937244043
VGT,75,first purchase,2020-01-02,13,PYPL,18.941647938644223
VGT,75,first purchase,2020-01-02,14,TXN,18.7640544789346
VGT,75,first purchase,2020-01-02,15,IBM,18.60157861209363
VGT,75,first purchase,2020-01-02,16,QCOM,16.802240508822276
VGT,75,first purchase,2020-01-02,17,FIS,13.366275323973262
VGT,75,first purchase,2020-01-02,18,ADP,11.590775686326621
VGT,75,first purchase,2020-01-02,19,INTU,10.670842039961306
VGT,75,first purchase,2020-01-02,20,FISV,10.46439065409378
VGT,75,first purchase,2020-01-02,21,MU,9.299640230018843
VGT,75,first purchase,2020-01-02,22,AMAT,8.834302880035274
VGT,75,first purchase,2020-01-02,23,GPN,8.580578954757588
VGT,75,first purchase,2020-01-02,24,NOW,8.289522336981772
VGT,75,first purchase,2020-01-02,25,AMD,7.408491805079844
VGT,75,first purchase,2020-01-02,26,ADI,6.878127801889857
VGT,75,first purchase,2020-01-02,27,LRCX,6.623120201681674
VGT,75,first purchase,2020-01-02,28,ADSK,6.3119193807215295
VGT,75,first purchase,2020-01-02,29,CTSH,5.367712148528897
VGT,75,first purchase,2020-01-02,30,APH,5.043923337369276
VGT,75,first purchase,2020-01-02,31,TEL,5.043823137927444
VGT,75,first purchase,2020-01-02,32,HPQ,4.771430328662779
VGT,75,first purchase,2020-01-02,33,KLAC,4.445694658097819
VGT,75,first purchase,2020-01-02,34,PAYX,4.309298490764333
VGT,75,first purchase,2020-01-02,35,WDAY,4.224195918235375
VGT,75,first purchase,2020-01-02,36,MSI,4.17907796845026
VGT,75,first purchase,2020-01-02,37,MCHP,3.904975483616431
VGT,75,first purchase,2020-01-02,38,CPAY,3.9018150950692974
VGT,75,first purchase,2020-01-02,39,XLNX,3.8699109244390755
VGT,75,first purchase,2020-01-02,40,GLW,3.5611273496912594
VGT,75,first purchase,2020-01-02,41,SPLK,3.5232119936253596
VGT,75,first purchase,2020-01-02,42,PANW,3.4768029386987656
VGT,75,first purchase,2020-01-02,43,ANSS,3.3913344976165756
VGT,75,first purchase,2020-01-02,44,XYZ,3.357136609119797
VGT,75,first purchase,2020-01-02,45,SNPS,3.277053639631572
VGT,75,first purchase,2020-01-02,46,SWKS,3.251505600397166
VGT,75,first purchase,2020-01-02,47,HPE,3.2446941024684204
VGT,75,first purchase,2020-01-02,48,CDW,3.2386005548866135
VGT,75,first purchase,2020-01-02,49,VRSN,3.216043685111543
VGT,75,first purchase,2020-01-02,50,CDNS,3.043971270757121
VGT,75,first purchase,2020-01-02,51,KEYS,3.0194227946806165
VGT,75,first purchase,2020-01-02,52,WDC,2.9426979491315732
VGT,75,first purchase,2020-01-02,53,MXIM,2.614067649117145
VGT,75,first purchase,2020-01-02,54,MRVL,2.6126298617994133
VGT,75,first purchase,2020-01-02,55,GEN,2.4707782182036766
VGT,75,first purchase,2020-01-02,56,FTNT,2.430729899451952
VGT,75,first purchase,2020-01-02,57,NTAP,2.32101034561516
VGT,75,first purchase,2020-01-02,58,CTXS,2.2738585255559665
VGT,75,first purchase,2020-01-02,59,STX,2.257617507612861
VGT,75,first purchase,2020-01-02,60,AKAM,2.2323167095550933
VGT,75,first purchase,2020-01-02,61,BR,2.212030388248251
VGT,75,first purchase,2020-01-02,62,SSNC,2.196582205526885
VGT,75,first purchase,2020-01-02,63,IT,2.1766807496880998
VGT,75,first purchase,2020-01-02,64,ZBRA,2.16538683487836
VGT,75,first purchase,2020-01-02,65,QRVO,2.14497960797462
VGT,75,first purchase,2020-01-02,66,LDOS,2.0950604169637668
VGT,75,first purchase,2020-01-02,67,PAYC,2.0592344319298164
VGT,75,first purchase,2020-01-02,68,OKTA,1.9259919526135072
VGT,75,first purchase,2020-01-02,69,RNG,1.895633064417464
VGT,75,first purchase,2020-01-02,70,VMW,1.8941083089825312
VGT,75,first purchase,2020-01-02,71,GDDY,1.8827742964006813
VGT,75,first purchase,2020-01-02,72,EPAM,1.8230145346098592
VGT,75,first purchase,2020-01-02,73,TER,1.8155075751341647
VGT,75,first purchase,2020-01-02,74,TYL,1.813388058636547
VGT,75,first purchase,2020-01-02,75,WU,1.7786299353630444
VGT,5,last purchase,2025-12-31,1,NVDA,342.1930623342907
VGT,5,last purchase,2025-12-31,2,AAPL,291.42396446766065
VGT,5,last purchase,2025-12-31,3,MSFT,239.38522341098619
VGT,5,last purchase,2025-12-31,4,AVGO,88.29293902151461
VGT,5,last purchase,2025-12-31,5,PLTR,38.70481076554798
VGT,10,last purchase,2025-12-31,1,NVDA,296.53140598594
VGT,10,last purchase,2025-12-31,2,AAPL,252.53684961377542
VGT,10,last purchase,2025-12-31,3,MSFT,207.44206906501262
VGT,10,last purchase,2025-12-31,4,AVGO,76.51128041019017
VGT,10,last purchase,2025-12-31,5,PLTR,33.540107085851865
VGT,10,last purchase,2025-12-31,6,AMD,28.868286908774596
VGT,10,last purchase,2025-12-31,7,MU,27.747505244578516
VGT,10,last purchase,2025-12-31,8,ORCL,27.394918269995365
VGT,10,last purchase,2025-12-31,9,CSCO,25.752384836568837
VGT,10,last purchase,2025-12-31,10,IBM,23.675192579312643
VGT,15,last purchase,2025-12-31,1,NVDA,271.85348638154375
VGT,15,last purchase,2025-12-31,2,AAPL,231.52024244801788
VGT,15,last purchase,2025-12-31,3,MSFT,190.17833713100384
VGT,15,last purchase,2025-12-31,4,AVGO,70.14386303490676
VGT,15,last purchase,2025-12-31,5,PLTR,30.748834224093876
VGT,15,last purchase,2025-12-31,6,AMD,26.46581199694295
VGT,15,last purchase,2025-12-31,7,MU,25.4383039599067
VGT,15,last purchase,2025-12-31,8,ORCL,25.1150599582319
VGT,15,last purchase,2025-12-31,9,CSCO,23.609221347678716
VGT,15,last purchase,2025-12-31,10,IBM,21.70489706491921
VGT,15,last purchase,2025-12-31,11,CRM,19.698459550462147
VGT,15,last purchase,2025-12-31,12,LRCX,17.353275113414877
VGT,15,last purchase,2025-12-31,13,AMAT,16.548261519558906
VGT,15,last purchase,2025-12-31,14,QCOM,14.842980453700411
VGT,15,last purchase,2025-12-31,15,INTU,14.778965815618147
VGT,20,last purchase,2025-12-31,1,NVDA,254.971677358238
VGT,20,last purchase,2025-12-31,2,AAPL,217.1430844793635
VGT,20,last purchase,2025-12-31,3,MSFT,178.3684670037196
VGT,20,last purchase,2025-12-31,4,AVGO,65.78800460662727
VGT,20,last purchase,2025-12-31,5,PLTR,28.83936470074962
VGT,20,last purchase,2025-12-31,6,AMD,24.822313545898485
VGT,20,last purchase,2025-12-31,7,MU,23.858612652489636
VGT,20,last purchase,2025-12-31,8,ORCL,23.555441755547964
VGT,20,last purchase,2025-12-31,9,CSCO,22.143114102612593
VGT,20,last purchase,2025-12-31,10,IBM,20.357046308993233
VGT,20,last purchase,2025-12-31,11,CRM,18.475206405503428
VGT,20,last purchase,2025-12-31,12,LRCX,16.275655398866153
VGT,20,last purchase,2025-12-31,13,AMAT,15.520632283092805
VGT,20,last purchase,2025-12-31,14,QCOM,13.921247336750978
VGT,20,last purchase,2025-12-31,15,INTU,13.861207938821726
VGT,20,last purchase,2025-12-31,16,ACN,12.67109436886695
VGT,20,last purchase,2025-12-31,17,KLAC,12.468828160691269
VGT,20,last purchase,2025-12-31,18,INTC,12.423021621650937
VGT,20,last purchase,2025-12-31,19,APH,12.401546199912728
VGT,20,last purchase,2025-12-31,20,APP,12.13443377160322
VGT,25,last purchase,2025-12-31,1,NVDA,241.35083101042852
VGT,25,last purchase,2025-12-31,2,AAPL,205.5430800403322
VGT,25,last purchase,2025-12-31,3,MSFT,168.83984206967065
VGT,25,last purchase,2025-12-31,4,AVGO,62.273542484558554
VGT,25,last purchase,2025-12-31,5,PLTR,27.29873650460123
VGT,25,last purchase,2025-12-31,6,AMD,23.496280308368352
VGT,25,last purchase,2025-12-31,7,MU,22.584061296909574
VGT,25,last purchase,2025-12-31,8,ORCL,22.297086097651487
VGT,25,last purchase,2025-12-31,9,CSCO,20.96020642447885
VGT,25,last purchase,2025-12-31,10,IBM,19.269552189085722
VGT,25,last purchase,2025-12-31,11,CRM,17.488242087345615
VGT,25,last purchase,2025-12-31,12,LRCX,15.406193332746641
VGT,25,last purchase,2025-12-31,13,AMAT,14.691504319786382
VGT,25,last purchase,2025-12-31,14,QCOM,13.177560144085575
VGT,25,last purchase,2025-12-31,15,INTU,13.120728111862517
VGT,25,last purchase,2025-12-31,16,ACN,11.994191619333565
VGT,25,last purchase,2025-12-31,17,KLAC,11.802730677732821
VGT,25,last purchase,2025-12-31,18,INTC,11.759371170599948
VGT,25,last purchase,2025-12-31,19,APH,11.739042987734624
VGT,25,last purchase,2025-12-31,20,APP,11.486199977037655
VGT,25,last purchase,2025-12-31,21,TXN,11.433097785869846
VGT,25,last purchase,2025-12-31,22,NOW,11.187202037684063
VGT,25,last purchase,2025-12-31,23,ADBE,10.743125132317948
VGT,25,last purchase,2025-12-31,24,ADI,10.037380103506035
VGT,25,last purchase,2025-12-31,25,ANET,10.020212086271588
VGT,50,last purchase,2025-12-31,1,NVDA,214.37394276052967
VGT,50,last purchase,2025-12-31,2,AAPL,182.56858818723197
VGT,50,last purchase,2025-12-31,3,MSFT,149.9678392985376
VGT,50,last purchase,2025-12-31,4,AVGO,55.312943304112075
VGT,50,last purchase,2025-12-31,5,PLTR,24.247431642857286
VGT,50,last purchase,2025-12-31,6,AMD,20.869993398505738
VGT,50,last purchase,2025-12-31,7,MU,20.059737285739004
VGT,50,last purchase,2025-12-31,8,ORCL,19.8048386194204
VGT,50,last purchase,2025-12-31,9,CSCO,18.617388112891824
VGT,50,last purchase,2025-12-31,10,IBM,17.115706047954774
VGT,50,last purchase,2025-12-31,11,CRM,15.533501138236906
VGT,50,last purchase,2025-12-31,12,LRCX,13.684172512872667
VGT,50,last purchase,2025-12-31,13,AMAT,13.049367565591165
VGT,50,last purchase,2025-12-31,14,QCOM,11.704643867290335
VGT,50,last purchase,2025-12-31,15,INTU,11.654164211712832
VGT,50,last purchase,2025-12-31,16,ACN,10.653545864736374
VGT,50,last purchase,2025-12-31,17,KLAC,10.483485389851076
VGT,50,last purchase,2025-12-31,18,INTC,10.44497237350341
VGT,50,last purchase,2025-12-31,19,APH,10.42691636478054
VGT,50,last purchase,2025-12-31,20,APP,10.202334775914123
VGT,50,last purchase,2025-12-31,21,TXN,10.155168059967018
VGT,50,last purchase,2025-12-31,22,NOW,9.936757206248602
VGT,50,last purchase,2025-12-31,23,ADBE,9.542316811352611
VGT,50,last purchase,2025-12-31,24,ADI,8.91545613812992
VGT,50,last purchase,2025-12-31,25,ANET,8.900207068845505
VGT,50,last purchase,2025-12-31,26,PANW,7.951789828971866
VGT,50,last purchase,2025-12-31,27,CRWD,7.636253238024366
VGT,50,last purchase,2025-12-31,28,SNPS,6.031072101292865
VGT,50,last purchase,2025-12-31,29,CDNS,5.814108169753192
VGT,50,last purchase,2025-12-31,30,MRVL,5.243368241484017
VGT,50,last purchase,2025-12-31,31,GLW,5.112818298723866
VGT,50,last purchase,2025-12-31,32,SNOW,4.8712673480356345
VGT,50,last purchase,2025-12-31,33,TEL,4.842902396841657
VGT,50,last purchase,2025-12-31,34,ADSK,4.63596286974596
VGT,50,last purchase,2025-12-31,35,WDC,4.632942081372265
VGT,50,last purchase,2025-12-31,36,MSI,4.518938822839774
VGT,50,last purchase,2025-12-31,37,STX,4.476370900930941
VGT,50,last purchase,2025-12-31,38,NET,4.3899290954087355
VGT,50,last purchase,2025-12-31,39,NXPI,4.213756665591266
VGT,50,last purchase,2025-12-31,40,FTNT,3.90729192454092
VGT,50,last purchase,2025-12-31,41,ROP,3.739671088284739
VGT,50,last purchase,2025-12-31,42,WDAY,3.583999301714427
VGT,50,last purchase,2025-12-31,43,CTSH,3.5067189530402434
VGT,50,last purchase,2025-12-31,44,FICO,3.454159938456663
VGT,50,last purchase,2025-12-31,45,MPWR,3.401399770099204
VGT,50,last purchase,2025-12-31,46,KEYS,3.1946894275627953
VGT,50,last purchase,2025-12-31,47,DELL,3.1819096170343926
VGT,50,last purchase,2025-12-31,48,MDB,3.164406354262926
VGT,50,last purchase,2025-12-31,49,CIEN,3.1470520101707313
VGT,50,last purchase,2025-12-31,50,DDOG,3.121803549003017
VGT,75,last purchase,2025-12-31,1,NVDA,202.20883639003435
VGT,75,last purchase,2025-12-31,2,AAPL,172.2083444626026
VGT,75,last purchase,2025-12-31,3,MSFT,141.45759456577167
VGT,75,last purchase,2025-12-31,4,AVGO,52.1740924237541
VGT,75,last purchase,2025-12-31,5,PLTR,22.871459445171965
VGT,75,last purchase,2025-12-31,6,AMD,19.68568113380123
VGT,75,last purchase,2025-12-31,7,MU,18.921404731405183
VGT,75,last purchase,2025-12-31,8,ORCL,18.68097083328337
VGT,75,last purchase,2025-12-31,9,CSCO,17.560904737078186
VGT,75,last purchase,2025-12-31,10,IBM,16.144438822104988
VGT,75,last purchase,2025-12-31,11,CRM,14.652019502831475
VGT,75,last purchase,2025-12-31,12,LRCX,12.907634972593055
VGT,75,last purchase,2025-12-31,13,AMAT,12.308853385281298
VGT,75,last purchase,2025-12-31,14,QCOM,11.040438899835825
VGT,75,last purchase,2025-12-31,15,INTU,10.992823819923343
VGT,75,last purchase,2025-12-31,16,ACN,10.04898769409974
VGT,75,last purchase,2025-12-31,17,KLAC,9.888577663385762
VGT,75,last purchase,2025-12-31,18,INTC,9.85225015025031
VGT,75,last purchase,2025-12-31,19,APH,9.835218768233053
VGT,75,last purchase,2025-12-31,20,APP,9.623381540375412
VGT,75,last purchase,2025-12-31,21,TXN,9.57889140027169
VGT,75,last purchase,2025-12-31,22,NOW,9.372874736041702
VGT,75,last purchase,2025-12-31,23,ADBE,9.000817702196686
VGT,75,last purchase,2025-12-31,24,ADI,8.409529574177181
VGT,75,last purchase,2025-12-31,25,ANET,8.395145845836293
VGT,75,last purchase,2025-12-31,26,PANW,7.500548564014005
VGT,75,last purchase,2025-12-31,27,CRWD,7.202917769560381
VGT,75,last purchase,2025-12-31,28,SNPS,5.688826058254359
VGT,75,last purchase,2025-12-31,29,CDNS,5.484174207519625
VGT,75,last purchase,2025-12-31,30,MRVL,4.945822133146664
VGT,75,last purchase,2025-12-31,31,GLW,4.822680525186389
VGT,75,last purchase,2025-12-31,32,SNOW,4.594836898117703
VGT,75,last purchase,2025-12-31,33,TEL,4.568081576545802
VGT,75,last purchase,2025-12-31,34,ADSK,4.372885274055491
VGT,75,last purchase,2025-12-31,35,WDC,4.370035906757583
VGT,75,last purchase,2025-12-31,36,MSI,4.262502006155315
VGT,75,last purchase,2025-12-31,37,STX,4.222349691718749
VGT,75,last purchase,2025-12-31,38,NET,4.140813210721969
VGT,75,last purchase,2025-12-31,39,NXPI,3.9746380609875187
VGT,75,last purchase,2025-12-31,40,FTNT,3.68556431496985
VGT,75,last purchase,2025-12-31,41,ROP,3.5274554803903166
VGT,75,last purchase,2025-12-31,42,WDAY,3.3806176212000145
VGT,75,last purchase,2025-12-31,43,CTSH,3.3077227106526124
VGT,75,last purchase,2025-12-31,44,FICO,3.258146269393495
VGT,75,last purchase,2025-12-31,45,MPWR,3.208380089260206
VGT,75,last purchase,2025-12-31,46,KEYS,3.0133999657628054
VGT,75,last purchase,2025-12-31,47,DELL,3.0013453728260133
VGT,75,last purchase,2025-12-31,48,MDB,2.9848353700128407
VGT,75,last purchase,2025-12-31,49,CIEN,2.9684658351710294
VGT,75,last purchase,2025-12-31,50,DDOG,2.9446501517553187
VGT,75,last purchase,2025-12-31,51,LITE,2.905009076495783
VGT,75,last purchase,2025-12-31,52,MCHP,2.825735968890101
VGT,75,last purchase,2025-12-31,53,TER,2.8012171073543324
VGT,75,last purchase,2025-12-31,54,SNDK,2.669911399537326
VGT,75,last purchase,2025-12-31,55,HPE,2.608106483451493
VGT,75,last purchase,2025-12-31,56,COHR,2.561299714719513
VGT,75,last purchase,2025-12-31,57,MSTR,2.518650009951314
VGT,75,last purchase,2025-12-31,58,FSLR,2.454134429694727
VGT,75,last purchase,2025-12-31,59,TEAM,2.3962006151574085
VGT,75,last purchase,2025-12-31,60,TWLO,2.3352329843295556
VGT,75,last purchase,2025-12-31,61,JBL,2.2914656922373524
VGT,75,last purchase,2025-12-31,62,TDY,2.226539170883959
VGT,75,last purchase,2025-12-31,63,ON,2.186375722844205
VGT,75,last purchase,2025-12-31,64,ALAB,2.113761777228239
VGT,75,last purchase,2025-12-31,65,FLEX,2.0984293217003493
VGT,75,last purchase,2025-12-31,66,ZM,2.097013375559013
VGT,75,last purchase,2025-12-31,67,VRSN,2.0841024342327747
VGT,75,last purchase,2025-12-31,68,IT,1.9881578794565833
VGT,75,last purchase,2025-12-31,69,CRDO,1.978842646450474
VGT,75,last purchase,2025-12-31,70,NTAP,1.976881565879164
VGT,75,last purchase,2025-12-31,71,PTC,1.9442200606353541
VGT,75,last purchase,2025-12-31,72,TYL,1.9406399157289242
VGT,75,last purchase,2025-12-31,73,TRMB,1.9389595966069146
VGT,75,last purchase,2025-12-31,74,HPQ,1.914785477805805
VGT,75,last purchase,2025-12-31,75,HUBS,1.8914593086927833
