key,symbol
00108J109|US00108J1097,ACMR
00191U102|US00191U1025,EFOR
002121101|US0021211018,ATEN
00401C108|US00401C1080,ACIA
004498101|US0044981019,ACIW
00486H105|US00486H1059,ADTN
00676P107|US00676P1075,ADEA
00724F101|US00724F1012,ADBE
00760J108|US00760J1088,AEHR
007903107|US0079031078,AMD
007973100|US0079731008,AEIS
00827B106|US00827B1061,AFRM
00835Q202|US00835Q2021,AEVA
00847J105|US00847J1051,AGYS
009066101|US0090661010,ABNB
00971T101|US00971T1016,AKAM
011642105|US0116421050,ALRM
015351109|US0153511094,ALXN
016255101|US0162551016,ALGN
01644J108|US01644J1088,ALKT
01749D105|US01749D1054,ALGM
018581108|US0185811082,BFH
02043Q107|US02043Q1076,ALNY
02079K107|US02079K1079,GOOG
02079K305|US02079K3059,GOOGL
023135106|US0231351067,AMZN
02376R102|US02376R1023,AAL
025537101|US0255371017,AEP
031162100|US0311621009,AMGN
031652100|US0316521006,AMKR
032095101|US0320951017,APH
03213A104|US03213A1043,AMPL
032654105|US0326541051,ADI
03782L101|US03782L1017,APPN
037833100|US0378331005,AAPL
03783C100|US03783C1009,APPF
038169207|US0381692070,APLD
038222105|US0382221051,AMAT
03823U102|US03823U1025,AAOI
03831W108|US03831W1080,APP
040413205|US0404132054,ANET
042068205|US0420682058,ARM
04206A101|US04206A1016,ARLO
042735100|US0427351004,ARW
04342Y104|US04342Y1047,ASAN
04626A103|US04626A1034,ALAB
049468101|US0494681010,TEAM
051774107|US0517741072,AUR
052769106|US0527691069,ADSK
053015103|US0530151036,ADP
053604104|US0536041041,AVPT
053807103|US0538071038,AVT
054540208|US0545402085,ACLS
05464C101|US05464C1018,AXON
056525108|US0565251081,BMI
056752108|US0567521085,BIDU
05722G100|US05722G1004,BKR
077347201|US0773472016,BELFA
077347300|US0773473006,BELFB
077454106|US0774541066,BDC
08160H101|US08160H1014,BHE
08265T208|US08265T2087,BSY
08975B109|US08975B1098,BBAI
08975P108|US08975P1084,CMRC
090043100|US0900431000,BILL
09061G101|US09061G1013,BMRN
09062X103|US09062X1037,BIIB
09175A206|US09175A2069,BMNR
09227Q100|US09227Q1004,BLKB
09239B109|US09239B1098,BL
09352U108|US09352U1088,BLND
09857L108|US09857L1089,BKNG
099502106|US0995021062,BAH
10316T104|US10316T1043,BOX
10576N102|US10576N1028,BRZE
11133T103|US11133T1034,BR
11135F101|US11135F1012,AVGO
114340102|US1143401024,AZTA
12468P104|US12468P1049,AI
12508E101|US12508E1010,CDK
12510Q100|US12510Q1004,CCC
12514G108|US12514G1085,CDW
12571T100|US12571T1007,CCMP
126327105|US1263271058,LAW
12634H200|US12634H2004,PMTS
126408103|US1264081035,CSX
126501105|US1265011056,CTS
127190304|US1271903049,CACI
127387108|US1273871087,CDNS
13100M509|US13100M5094,CALX
14808P109|US14808P1093,CASS
151020104|US1510201049,CELG
156727109|US1567271093,CRNC
15675D103|US15675D1037,CBRS
157210105|US1572101053,CEVA
16119P108|US16119P1084,CHTR
171779309|US1717793095,CIEN
17253J106|US17253J1060,CIFR
172573107|US1725731079,CRCL
172755100|US1727551004,CRUS
17275R102|US17275R1023,CSCO
172908105|US1729081059,CTAS
18452B209|US18452B2097,CLSK
18467V109|US18467V1098,YOU
18482P103|US18482P1030,CLFD
185123106|US1851231068,
18914U100|US18914U1007,CLDR
18915M107|US18915M1071,NET
192422103|US1924221039,CGNX
192446102|US1924461023,CTSH
19247G107|US19247G1076,COHR
192576106|US1925761066,COHU
19260Q107|US19260Q1076,COIN
20030N101|US20030N1019,CMCSA
20337X109|US20337X1090,VISN
204166102|US2041661024,CVLT
20459V105|US20459V1052,GPGI
205826209|US2058262096,CMTL
20602D101|US20602D1019,CNXC
206787103|US2067871036,CNDT
20848V105|US20848V1052,CCSI
21037T109|US21037T1097,CEG
217204106|US2172041061,CPRT
21871D103|US21871D1037,CLGX
21873S108|US21873S1087,CRWV
21874A106|US21874A1060,CORZ
21925Y103|US21925Y1038,CSOD
219350105|US2193501051,GLW
22041X102|US22041X1028,CRSR
22160K105|US22160K1051,COST
22160N109|US22160N1090,CSGP
224441105|US2244411052,CXT
22788C105|US22788C1053,CRWD
23355L106|US23355L1061,DXC
233912104|US2339121046,DJCO
234264109|US2342641097,DAKT
23804L103|US23804L1035,DDOG
24703L202|US24703L2025,DELL
252131107|US2521311074,DXCM
25278X109|US25278X1090,FANG
253651202|US2536512021,DBD
253798102|US2537981027,DGII
25382K100|US25382K1007,DMRC
25400W102|US25400W1027,APPS
25402D102|US25402D1028,DOCN
254543101|US2545431015,DIOD
256163106|US2561631068,DOCU
25659T107|US25659T1079,DLB
256746108|US2567461080,DLTR
257554105|US2575541055,HUCK
25809K105|US25809K1051,DASH
25862V105|US25862V1052,DV
26210C104|US26210C1045,DBX
26740W109|US26740W1099,QBTS
268150109|US2681501092,DT
277461406|US2774614067,KODK
278642103|US2786421030,EBAY
278768106|US2787681061,ECHO
282914100|US2829141009,EGHT
29355A107|US29355A1079,ENPH
29362U104|US29362U1043,ENTG
29414B104|US29414B1044,EPAM
294268107|US2942681071,PLUS
298736109|US2987361092,EEFT
30040P103|PR30040P1032,EVTC
30049H102|US30049H1023,EVLV
30161N101|US30161N1019,EXC
302081104|US3020811044,EXLS
30209R106|US30209R1068,EXOD
30212P303|US30212P3038,EXPE
30219Q106|US30219Q1067,EXFY
30226D106|US30226D1063,EXTR
302445101|US3024451011,FLIR
302492103|US3024921039,FLYW
30303M102|US30303M1027,META
303250104|US3032501047,FICO
31188V100|US31188V1008,FSLY
311900104|US3119001044,FAST
315616102|US3156161024,FFIV
31620M106|US31620M1062,FIS
316841105|US3168411052,FIG
336433107|US3364331070,FSLR
337738108|US3377381088,FISV
338307101|US3383071012,FIVN
346375108|US3463751087,FORM
34959E109|US34959E1091,FTNT
35137L105|US35137L1052,FOXA
35137L204|US35137L2043,FOX
358054104|US3580541049,FRSH
35834F104|US35834F1049,TE
36266G107|US36266G1076,GEHC
366651107|US3666511072,IT
375558103|US3755581036,GILD
37637K108|US37637K1088,GTLB
37940X102|US37940X1028,GPN
380237107|US3802371076,GDDY
384747101|US3847471014,GRAL
39813G109|US39813G1094,GDYN
40171V100|US40171V1008,GWRE
40434L105|US40434L1052,HPQ
404609109|US4046091090,HCKT
413160102|US4131601027,HLIT
418056107|US4180561072,HAS
426281101|US4262811015,JKHY
42824C109|US42824C1099,HPE
43849R105|US43849R1059,HONA
438516205|US4385162056,HON
443573100|US4435731009,HUBS
445658107|US4456581077,JBHT
44812J104|US44812J1043,HUT
44980X109|US44980X1090,IPGP
45168D104|US45168D1046,IDXX
452327109|US4523271090,ILMN
453204109|US4532041096,PI
45337C102|US45337C1027,INCY
45569U101|US45569U1016,INDI
45765U103|US45765U1034,NSIT
457669307|US4576693075,INSM
45772F107|US45772F1075,IPHI
458140100|US4581401001,INTC
45827U109|US45827U1097,INTA
45867G101|US45867G1013,IDCC
459200101|US4592001014,IBM
46005L101|US46005L1017,IMXI
461202103|US4612021034,INTU
46120E602|US46120E6023,ISRG
46222L108|US46222L1089,IONQ
46571Y107|US46571Y1073,IIIV
465741106|US4657411066,ITRI
466313103|US4663131039,JBL
47215P106|US47215P1066,JD
48123V102|US48123V1026,ZD
48242W106|US48242W1062,KBR
482480100|US4824801009,KLAC
49271V100|US49271V1008,KDP
49338L103|US49338L1035,KEYS
49428J109|US49428J1097,KE
49845K101|US49845K1016,KVYO
49926D109|US49926D1090,KN
500600101|US5006001011,KOPN
500754106|US5007541064,KHC
501242101|US5012421013,KLIC
50155Q100|US50155Q1004,KD
512807306|US5128073062,LRCX
51818V106|US51818V1061,LTCH
518415104|US5184151042,LSCC
525327102|US5253271028,LDOS
532206109|US5322061095,LIF
532275104|US5322751042,LWLG
537008104|US5370081045,LFUS
53815P108|US53815P1084,RAMP
550021109|US5500211090,LULU
55024U109|US55024U1097,LITE
55306N104|US55306N1046,MKSI
553777103|US5537771033,MTSC
55405Y100|US55405Y1001,MTSI
55933J203|US55933J2033,MX
562750109|US5627501092,MANH
565788106|US5657881067,MARA
571903202|US5719032022,MAR
573874104|US5738741041,MRVL
57636Q104|US57636Q1040,MA
57667L107|US57667L1070,MTCH
57772K101|US57772K1016,MXIM
57776J100|US57776J1007,MXL
577933104|US5779331041,MMS
584021109|US5840211099,MDLA
58733R102|US58733R1023,MELI
591520200|US5915202007,MEI
594918104|US5949181045,MSFT
594960304|US5949603048,
594972408|US5949724083,MSTR
595017104|US5950171042,MCHP
595112103|US5951121038,MU
60471A101|US60471A1016,MIR
606710200|US6067102003,MITK
60739U204|US60739U2042,MOBL
60770K107|US60770K1079,MRNA
609207105|US6092071058,MDLZ
60937P106|US60937P1066,MDB
609839105|US6098391054,MPWR
61174X109|US61174X1090,MNST
620076307|US6200763075,MSI
62878D100|US62878D1000,NABL
62886E108|US62886E1082,VYX
629445206|US6294452064,NVEC
630402105|US6304021057,NSSC
63942X106|US63942X1063,NVTS
63947X101|US63947X1019,NCNO
64110D104|US64110D1046,NTAP
64110L106|US64110L1061,NFLX
64110W102|US64110W1027,NTES
64111Q104|US64111Q1040,NTGR
64115T104|US64115T1043,NTCT
64119N608|US64119N6085,NTSK
65345N106|US65345N1063,NN
65443P102|US65443P1021,MASS
65487K100|US65487K1007,LASR
668771108|US6687711084,GEN
67000B104|CA67000B1040,NOVT
67059N108|US67059N1081,NTNX
67066G104|US67066G1040,NVDA
67103H107|US67103H1077,ORLY
671044105|US6710441055,OSIS
679295105|US6792951054,OKTA
679580100|US6795801009,ODFL
682189105|US6821891057,ON
68236H204|US68236H2040,ONDS
68287N100|US68287N1000,OSPN
683344105|US6833441057,ONTO
68389X105|US68389X1054,ORCL
68989M202|US68989M2026,OUST
69318J100|US69318J1007,CNXN
693282105|US6932821050,PDFS
69370C100|US69370C1009,PTC
693718108|US6937181088,PCAR
69553P100|US69553P1003,PD
69608A108|US69608A1088,PLTR
697435105|US6974351057,PANW
698884103|US6988841036,PAR
704326107|US7043261079,PAYX
70432V102|US70432V1026,PAYC
70438V106|US70438V1061,PCTY
70439P108|US70439P1084,PAY
70450Y103|US70450Y1038,PYPL
70451A104|US70451A1043,PAYS
70451X104|US70451X1046,PAYO
705573103|US7055731035,PEGA
70614W100|US70614W1009,PTON
706915105|US7069151055,PENG
713448108|US7134481081,PEP
715347100|US7153471005,PRSP
719405102|US7194051022,PLAB
722304102|US7223041028,PDD
725ESC016|US725ESC0166,
72815L107|US72815L1070,PLTK
729132100|US7291321005,PLXS
733245104|US7332451043,PRCH
739276103|US7392761034,POWI
73931J109|US73931J1097,AIOT
74275K108|US74275K1088,PCOR
743312100|US7433121008,PRGS
743424103|US7434241037,PFPT
74346Y103|US74346Y1038,PRO
74624M102|US74624M1027,P
74727D306|US74727D3061,QADA
74736K101|US74736K1016,QRVO
74736L109|US74736L1098,QTWO
74743L100|US74743L1008,Q
747525103|US7475251036,QCOM
74758T303|US74758T3032,QLYS
74766W108|US74766W1080,QUBT
750102105|US7501021056,RXT
750917106|US7509171069,RMBS
750940108|US7509401086,RAL
753422104|US7534221046,RPD
75606N109|US75606N1090,RP
75644T100|US75644T1007,RCAT
75704L104|US75704L1044,RDVT
75886F107|US75886F1075,REGN
759419104|US7594191048,REKR
75960P104|US75960P1049,RELY
76029L100|US76029L1008,RPAY
762544104|US7625441040,RBBN
76655K103|US76655K1034,RGTI
76674Q107|US76674Q1076,RMNI
76680R206|US76680R2067,RNG
767292105|US7672921050,RIOT
76954A103|US76954A1034,RIVN
773121108|US7731211089,RKLB
775133101|US7751331015,ROG
776696106|US7766961061,ROP
777780107|US7777801074,RST
778296103|US7782961038,ROST
781154109|US7811541090,RBRK
78463M107|US78463M1071,SPSC
78467J100|US78467J1007,SSNC
78573M104|US78573M1045,SABR
79466L302|US79466L3024,CRM
79589L106|US79589L1061,IOT
80004C200|US80004C2008,SNDK
801056102|US8010561020,SANM
806037107|US8060371072,SCSC
806407102|US8064071025,HSIC
808625107|US8086251076,SAIC
816850101|US8168501018,SMTC
81730H109|US81730H1095,S
81762P102|US81762P1021,NOW
81764X103|US81764X1037,TTAN
82452J109|US82452J1097,FOUR
82509L107|CA82509L1076,SHOP
82536T107|US82536T1079,SSTI
826919102|US8269191024,SLAB
82982T106|US82982T1060,SITM
83088M102|US83088M1027,SWKS
83088V102|US83088V1026,WORK
83089J108|US83089J1088,
83193G107|US83193G1076,SMRT
833445109|US8334451098,SNOW
83417M104|US83417M1045,SEDG
836100107|US8361001071,SOUN
85208T107|US85208T1079,CXM
85209W109|US85209W1099,SPT
852234103|US8522341036,XYZ
855244109|US8552441094,SBUX
86800U302|US86800U3023,SMCI
87157D109|US87157D1090,SYNA
871607107|US8716071076,SNPS
87162W100|US87162W1009,SNX
872590104|US8725901040,TMUS
87305R109|US87305R1095,TTMI
874054109|US8740541094,TTWO
87652V109|US87652V1098,TASK
879360105|US8793601050,TDY
87969B101|US87969B1017,TLS
88025T102|US88025T1025,TENB
88076W103|US88076W1036,TDC
880770102|US8807701029,TER
88080T104|US88080T1043,WULF
88160R101|US88160R1014,TSLA
882508104|US8825081040,TXN
88339J105|US88339J1051,TTD
884903881|CA8849038812,TRI
88554D205|US88554D2053,DDD
888787108|US8887871080,TOST
896239100|US8962391004,TRMB
89677Q107|US89677Q1076,TCOM
89854H102|US89854H1023,TTEC
898697206|US8986972060,TCX
90138F102|US90138F1021,TWLO
902252105|US9022521051,TYL
90353W103|US90353W1036,UI
90364P105|US90364P1057,PATH
90384S303|US90384S3031,ULTA
90385V107|US90385V1070,UCTT
909214306|US9092143067,UIS
910047109|US9100471096,UAL
91332U101|US91332U1016,U
91347P105|US91347P1057,OLED
922280102|US9222801022,VRNS
922417100|US9224171002,VECO
92343E102|US92343E1029,VRSN
92345Y106|US92345Y1064,VRSK
92347M100|US92347M1009,VERI
92511U102|US92511U1025,VRRM
92532F100|US92532F1003,VRTX
92538J106|US92538J1060,VERX
92552V100|US92552V1008,VSAT
925550105|US9255501051,VIAV
92826C839|US92826C8394,V
928298108|US9282981086,VSH
92835K103|US92835K1034,VPG
928881101|US9288811014,VNT
92971A109|US92971A1097,MAPS
931142103|US9311421039,WMT
931427108|US9314271084,WBA
934423104|US9344231041,WBD
94724R108|US94724R1086,WEAV
958102105|US9581021055,WDC
959802109|US9598021098,WU
96208T104|US96208T1043,WEX
98138H101|US98138H1014,WDAY
98139A105|US98139A1051,WK
983134107|US9831341071,WYNN
98389B100|US98389B1008,XEL
98421M106|US98421M1062,XRX
98423J101|US98423J1016,XPER
98585N106|US98585N1063,YEXT
989207105|US9892071054,ZBRA
98956A105|US98956A1051,ZETA
98974P100|US98974P1003,ZIXI
98980G102|US98980G1022,ZS
98980L101|US98980L1017,ZM
G037AX101|KYG037AX1015,AMBA
G1144A105|KYG1144A1058,BTBT
G1151C101|IE00B4BNMY34,ACN
G17766109|KYG177661090,CMBMF
G1991C105|GB00BYT18414,CATM
G25457105|KYG254571055,CRDO
G25839104|GB00BDCPN049,CCEP
G3323L100|KYG3323L1005,FN
G39387108|KYG393871085,GFS
G4740B105|KYG4740B1059,ICHR
G54950103|IE000S9YS762,LIN
G6331P104|BMG6331P1041,AOSL
G7997R103|IE00BKVD2N49,STX
G87052109|IE000IVNQZ81,TEL
G96629103|IE00BDB6Q211,WTW
M22465104|IL0010824113,CHKP
M6191J100|IL0011684185,FROG
M7S64L123|IL0011858912,PGY
N/A|AU0000185993,IREN
N/A|BMG6331P1041,AOSL
N/A|GB00BYT18414,CATM
N/A|IE00B4BNMY34,ACN
N/A|KYG037AX1015,AMBA
N/A|KYG3323L1005,FN
N/A|KYG4740B1059,ICHR
N/A|NL0013056914,ESTC
N/A|NL0015001FS8,FER
N/A|SG9999000020,FLEX
N07059210|USN070592100,ASML
N14506104|NL0013056914,ESTC
N3168P101|NL0015001FS8,FER
N59465109|NL0011031208,MYL
N6596X109|NL0009538784,NXPI
N97284108|NL0009805522,NBIS
Y2573F102|SG9999000020,FLEX
